{
  "battle_won_mean": [
    0.0,
    0.0,
    0.0,
    0.005859375,
    0.05416666666666667,
    0.16517857142857142,
    0.13352272727272727,
    0.010416666666666666,
    0.010416666666666666,
    0.010416666666666666,
    0.0,
    0.0,
    0.0,
    0.0,
    0.004464285714285714,
    0.0,
    0.005208333333333333,
    0.010416666666666666,
    0.015625,
    0.005208333333333333,
    0.010416666666666666
  ],
  "battle_won_mean_T": [
    972,
    11946,
    22144,
    32593,
    42676,
    52700,
    63697,
    73883,
    84523,
    95086,
    105696,
    116383,
    127011,
    137305,
    149022,
    160067,
    171042,
    182156,
    193195,
    204331,
    215735
  ],
  "ep_length_mean": [
    30.375,
    31.176136363636363,
    22.763392857142858,
    20.408203125,
    21.00625,
    22.375,
    31.241477272727273,
    53.052083333333336,
    55.416666666666664,
    55.015625,
    55.260416666666664,
    55.661458333333336,
    47.44642857142857,
    45.955357142857146,
    52.308035714285715,
    57.526041666666664,
    57.161458333333336,
    57.885416666666664,
    57.494791666666664,
    58.0,
    59.395833333333336
  ],
  "ep_length_mean_T": [
    972,
    11946,
    22144,
    32593,
    42676,
    52700,
    63697,
    73883,
    84523,
    95086,
    105696,
    116383,
    127011,
    137305,
    149022,
    160067,
    171042,
    182156,
    193195,
    204331,
    215735
  ],
  "episode": [
    352,
    800,
    1312,
    1792,
    2272,
    2624,
    2816,
    3008,
    3200,
    3392,
    3584,
    3808,
    4032,
    4256,
    4448,
    4640,
    4832,
    5024,
    5216,
    5408
  ],
  "episode_T": [
    10835,
    21491,
    31928,
    42028,
    52700,
    63697,
    73883,
    84523,
    95086,
    105696,
    116383,
    127011,
    137305,
    149022,
    160067,
    171042,
    182156,
    193195,
    204331,
    215735
  ],
  "epsilon": [
    1.0,
    0.794135,
    0.5916710000000001,
    0.39336800000000005,
    0.2014680000000001,
    0.05,
    0.05,
    0.05,
    0.05,
    0.05,
    0.05,
    0.05,
    0.05,
    0.05,
    0.05,
    0.05,
    0.05,
    0.05,
    0.05,
    0.05,
    0.05
  ],
  "epsilon_T": [
    972,
    11946,
    22144,
    32593,
    42676,
    52700,
    63697,
    73883,
    84523,
    95086,
    105696,
    116383,
    127011,
    137305,
    149022,
    160067,
    171042,
    182156,
    193195,
    204331,
    215735
  ],
  "grad_norm": [
    0.5826621651649475,
    0.055839892476797104,
    1.235368251800537,
    0.2653241753578186,
    1.5965099334716797,
    4.296502590179443,
    1.3087626695632935,
    4.008639335632324,
    0.5519945621490479,
    4.0997233390808105,
    12.64151668548584,
    31.284818649291992,
    16.99233055114746,
    12.551653861999512,
    7.656914710998535,
    0.41768601536750793,
    1.985572338104248,
    3.26438045501709,
    4.012638568878174,
    4.420977592468262,
    0.7198209166526794
  ],
  "grad_norm_T": [
    972,
    11946,
    22144,
    32593,
    42676,
    52700,
    63697,
    73883,
    84523,
    95086,
    105696,
    116383,
    127011,
    137305,
    149022,
    160067,
    171042,
    182156,
    193195,
    204331,
    215735
  ],
  "loss": [
    0.04844683036208153,
    0.01830425299704075,
    0.1297776699066162,
    0.1336277276277542,
    0.1879613995552063,
    0.31080299615859985,
    0.3114129304885864,
    0.6393592357635498,
    0.5916218757629395,
    0.9963524341583252,
    0.9504068493843079,
    1.8762906789779663,
    1.3249249458312988,
    0.9150398373603821,
    0.6804439425468445,
    0.5335994958877563,
    0.5584862232208252,
    0.44313761591911316,
    0.42978402972221375,
    0.5267887115478516,
    0.5207474827766418
  ],
  "loss_T": [
    972,
    11946,
    22144,
    32593,
    42676,
    52700,
    63697,
    73883,
    84523,
    95086,
    105696,
    116383,
    127011,
    137305,
    149022,
    160067,
    171042,
    182156,
    193195,
    204331,
    215735
  ],
  "q_taken_mean": [
    0.05525377584910033,
    0.12372003218857415,
    0.2461685732886905,
    0.5898925373839695,
    0.8097527041072734,
    0.9627541791417166,
    1.1740611586149388,
    1.2666294174706376,
    1.3939933158824542,
    1.6771803129811393,
    1.565016578071306,
    2.546094089727625,
    1.984034062879478,
    1.9722063358463782,
    1.5840809581043955,
    1.9922052316226286,
    1.6813879882531637,
    1.8181272391164085,
    1.6806725195134458,
    2.014328149419513,
    1.6814101335871572
  ],
  "q_taken_mean_T": [
    972,
    11946,
    22144,
    32593,
    42676,
    52700,
    63697,
    73883,
    84523,
    95086,
    105696,
    116383,
    127011,
    137305,
    149022,
    160067,
    171042,
    182156,
    193195,
    204331,
    215735
  ],
  "return_mean": [
    {
      "dtype": "float64",
      "py/object": "numpy.float64",
      "value": 1.345890410958904
    },
    {
      "dtype": "float64",
      "py/object": "numpy.float64",
      "value": 1.673879202988792
    },
    {
      "dtype": "float64",
      "py/object": "numpy.float64",
      "value": 2.654598825831702
    },
    {
      "dtype": "float64",
      "py/object": "numpy.float64",
      "value": 3.986301369863013
    },
    {
      "dtype": "float64",
      "py/object": "numpy.float64",
      "value": 6.039611872146117
    },
    {
      "dtype": "float64",
      "py/object": "numpy.float64",
      "value": 8.272260273972602
    },
    {
      "dtype": "float64",
      "py/object": "numpy.float64",
      "value": 6.119084682440846
    },
    {
      "dtype": "float64",
      "py/object": "numpy.float64",
      "value": 1.7708333333333333
    },
    {
      "dtype": "float64",
      "py/object": "numpy.float64",
      "value": 1.096175799086758
    },
    {
      "dtype": "float64",
      "py/object": "numpy.float64",
      "value": 0.7848173515981735
    },
    {
      "dtype": "float64",
      "py/object": "numpy.float64",
      "value": 0.4857305936073059
    },
    {
      "dtype": "float64",
      "py/object": "numpy.float64",
      "value": 0.5373858447488584
    },
    {
      "dtype": "float64",
      "py/object": "numpy.float64",
      "value": 0.6604696673189824
    },
    {
      "dtype": "float64",
      "py/object": "numpy.float64",
      "value": 1.2465753424657533
    },
    {
      "dtype": "float64",
      "py/object": "numpy.float64",
      "value": 1.7204011741682972
    },
    {
      "dtype": "float64",
      "py/object": "numpy.float64",
      "value": 0.8961187214611871
    },
    {
      "dtype": "float64",
      "py/object": "numpy.float64",
      "value": 0.8005136986301369
    },
    {
      "dtype": "float64",
      "py/object": "numpy.float64",
      "value": 0.6746575342465753
    },
    {
      "dtype": "float64",
      "py/object": "numpy.float64",
      "value": 1.0468036529680365
    },
    {
      "dtype": "float64",
      "py/object": "numpy.float64",
      "value": 1.047659817351598
    },
    {
      "dtype": "float64",
      "py/object": "numpy.float64",
      "value": 0.9389269406392694
    }
  ],
  "return_mean_T": [
    972,
    11946,
    22144,
    32593,
    42676,
    52700,
    63697,
    73883,
    84523,
    95086,
    105696,
    116383,
    127011,
    137305,
    149022,
    160067,
    171042,
    182156,
    193195,
    204331,
    215735
  ],
  "return_std": [
    {
      "dtype": "float64",
      "py/object": "numpy.float64",
      "value": 0.5715690840699091
    },
    {
      "dtype": "float64",
      "py/object": "numpy.float64",
      "value": 0.626629328335761
    },
    {
      "dtype": "float64",
      "py/object": "numpy.float64",
      "value": 0.976113101897585
    },
    {
      "dtype": "float64",
      "py/object": "numpy.float64",
      "value": 1.7302724217318761
    },
    {
      "dtype": "float64",
      "py/object": "numpy.float64",
      "value": 3.5972101495712008
    },
    {
      "dtype": "float64",
      "py/object": "numpy.float64",